{"cameraMode":{"drawMode":0,"name":"Shaded","section":"Shading Mode"},"sceneLighting":true,"audioPlay":false,"sceneViewState":{"m_AlwaysRefresh":false,"showFog":true,"showSkybox":true,"showFlares":true,"showImageEffects":true,"showParticleSystems":true,"showVisualEffectGraphs":true,"m_FxEnabled":true},"in2DMode":false,"pivot":{"x":31.265174865722658,"y":-23.995651245117189,"z":0.04704835265874863},"rotation":{"x":-0.12139758467674256,"y":-0.680578351020813,"z":0.11584467440843582,"w":-0.7132073044776917},"size":37.097679138183597,"orthographic":false}