{"cameraMode":{"drawMode":0,"name":"Shaded","section":"Shading Mode"},"sceneLighting":true,"audioPlay":false,"sceneViewState":{"m_AlwaysRefresh":false,"showFog":true,"showSkybox":true,"showFlares":true,"showImageEffects":true,"showParticleSystems":true,"showVisualEffectGraphs":true,"m_FxEnabled":true},"in2DMode":false,"pivot":{"x":410.38055419921877,"y":136.89938354492188,"z":-307.8004150390625},"rotation":{"x":-0.012431953102350235,"y":-0.9556416869163513,"z":0.04013810679316521,"w":-0.29436713457107546},"size":492.5294189453125,"orthographic":false}