{"cameraMode":{"drawMode":0,"name":"Shaded","section":"Shading Mode"},"sceneLighting":true,"audioPlay":false,"sceneViewState":{"m_AlwaysRefresh":false,"showFog":true,"showSkybox":true,"showFlares":true,"showImageEffects":true,"showParticleSystems":true,"showVisualEffectGraphs":true,"m_FxEnabled":true},"in2DMode":false,"pivot":{"x":56.99738311767578,"y":-23.476362228393556,"z":56.08353805541992},"rotation":{"x":-0.09407337009906769,"y":-0.49878209829330447,"z":0.056334443390369418,"w":-0.8603537678718567},"size":0.4504169821739197,"orthographic":false}