{"cameraMode":{"drawMode":0,"name":"Shaded","section":"Shading Mode"},"sceneLighting":true,"audioPlay":false,"sceneViewState":{"m_AlwaysRefresh":false,"showFog":true,"showSkybox":true,"showFlares":true,"showImageEffects":true,"showParticleSystems":true,"showVisualEffectGraphs":true,"m_FxEnabled":true},"in2DMode":false,"pivot":{"x":-94.53684997558594,"y":58.96144485473633,"z":293.55853271484377},"rotation":{"x":0.023833202198147775,"y":-0.5541658401489258,"z":0.019441023468971254,"w":0.8338851928710938},"size":25.697553634643556,"orthographic":false}