{"cameraMode":{"drawMode":0,"name":"Shaded","section":"Shading Mode"},"sceneLighting":true,"audioPlay":false,"sceneViewState":{"m_AlwaysRefresh":false,"showFog":true,"showSkybox":true,"showFlares":true,"showImageEffects":true,"showParticleSystems":true,"showVisualEffectGraphs":true,"m_FxEnabled":true},"in2DMode":false,"pivot":{"x":118.78437805175781,"y":123.02925109863281,"z":1064.1280517578125},"rotation":{"x":0.05480598658323288,"y":0.052991870790719989,"z":-0.0029094424098730089,"w":0.9970976710319519},"size":836.3928833007813,"orthographic":false}