{"cameraMode":{"drawMode":0,"name":"Shaded","section":"Shading Mode"},"sceneLighting":true,"audioPlay":false,"sceneViewState":{"m_AlwaysRefresh":false,"showFog":true,"showSkybox":true,"showFlares":true,"showImageEffects":true,"showParticleSystems":true,"showVisualEffectGraphs":true,"m_FxEnabled":true},"in2DMode":false,"pivot":{"x":37.61913299560547,"y":-20.28236961364746,"z":13.577351570129395},"rotation":{"x":0.10393891483545304,"y":0.6817106008529663,"z":-0.09861811250448227,"w":0.7181984782218933},"size":30.097911834716798,"orthographic":false}