{"cameraMode":{"drawMode":0,"name":"Shaded","section":"Shading Mode"},"sceneLighting":true,"audioPlay":false,"sceneViewState":{"m_AlwaysRefresh":false,"showFog":true,"showSkybox":true,"showFlares":true,"showImageEffects":true,"showParticleSystems":true,"showVisualEffectGraphs":true,"m_FxEnabled":true},"in2DMode":false,"pivot":{"x":117.98345184326172,"y":-164.6190643310547,"z":-328.5198669433594},"rotation":{"x":-0.03752128407359123,"y":-0.9631423950195313,"z":0.18456274271011353,"w":-0.19398094713687898},"size":200.95314025878907,"orthographic":false}